State,Category,Superset,Subsets,,,,,,
Rajasthan,Personality,Royal heritage,Wealthy,royalty,nobility,grand palaces,havelis,,
Rajasthan,Personality,Resilient and tough,Living in the desert,harsh arid environment,rugged,resilient,,,
Rajasthan,Personality,Conservative,Traditional gender roles,rigid gender roles,patriarchal society,,,,
Rajasthan,Personality,Devout and religious,Highly religious,Hindu temples,pilgrimage sites,influence of Jainism,,,
Rajasthan,Personality,Fiercely independent,Self-reliant,agrarian,agricultural,,,,
Rajasthan,Personality,Great hospitality,Atithi Devo Bhava,generosity,treating guests with great respect,,,,
Rajasthan,Clothing,Colorful traditional attire,Bright ornate ghagras,large turbans,pagris,bandhani fabric,,,
Rajasthan,Clothing,Jewelry and adornments,Heavy gold or silver jewelry,large nose rings,thick mustaches,,,,
Rajasthan,Clothing,Desert-specific clothing,Camel riders in desert attire,angarkhas,safas,dhoti-kurta,,,
Rajasthan,Clothing,Women’s traditional appearance,Ghoonghat,veiled faces,elaborate henna designs,,,,
Rajasthan,Physical Appearance,Sun-tanned and weathered skin,Dark,sun-tanned skin,desert-adapted appearance,,,,
Rajasthan,Physical Appearance,Distinctive facial features,Thick mustaches,beards,prominent facial hair,,,,
Rajasthan,Food and Lifestyle,Vegetarian diet,Strictly vegetarian,influenced by Jainism,,,,,
Rajasthan,Food and Lifestyle,Cultural vibrancy,Folk music,Ghoomar dance,Kalbeliya dancers,Manganiyar musicians,,,
Rajasthan,Food and Lifestyle,Grand celebrations,Royal weddings,grand festivals,cultural events,,,,
Rajasthan,Food and Lifestyle,Luxury tourism,Exotic tourist destination,luxury hotels,cultural tourism,,,,
Rajasthan,Work and Jobs,Skilled artisans,Pottery,jewelry-making,textiles,Meenakari jewelry,blue pottery,,
Rajasthan,Work and Jobs,Rural and agrarian,Predominantly rural,agricultural lifestyle,,,,,
Rajasthan,Work and Jobs,Warrior traditions,Rajput warriors,martial traditions,valor,bravery,,,
Rajasthan,Others,Nomadic lifestyle,Camel riders,nomadic lifestyle,desert musicians,,,,
Rajasthan,Others,Vibrant cultural identity,Wearing bright colors,traditional footwear (jutti or mojari),,,,,
Punjab,Personality,Outgoing and loud,Boisterous,fun-loving,energetic,,,,
Punjab,Personality,Confident and proud,Proud,confident,assertive,,,,
Punjab,Personality,Generous and hospitable,Generous,welcoming,kind-hearted,,,,
Punjab,Personality,Passionate and emotional,Short-tempered,aggressive,intense,,,,
Punjab,Personality,Brave and strong,Warrior spirit,militant,resilient,,,,
Punjab,Personality,Religious and devout,Devout,spiritual,faithful,,,,
Punjab,Personality,Hardworking,Industrious,diligent,,,,,
Punjab,Clothing,Prefer traditional attire,Salwar Kameez,Kurta Pajama,,,,,
Punjab,Clothing,Known for colorful clothing,Vibrant colors,bold patterns,,,,,
Punjab,Clothing,Adorn fancy jewelry,Heavy jewelry,ornate accessories,,,,,
Punjab,Physical Appearance,Strong and muscular,Athletic build,rugged physique,well-built,,,,
Punjab,Physical Appearance,Have bold facial features,Sharp jawlines,high cheekbones,strong brows,,,,
Punjab,Physical Appearance,Display Sikh symbols,Turban,long uncut beards,,,,,
Punjab,Physical Appearance,Youthful and healthy,Youthful,fuller-figured,robust,,,,
Punjab,Food and Lifestyle,Obsessed with Bhangra,Love for dancing,enjoy celebrations,,,,,
Punjab,Food and Lifestyle,Love for rich food,Big appetite,fond of buttery dishes,indulgent eating habits,,,,
Punjab,Food and Lifestyle,Family-oriented traditions,Loyal to traditions,emphasis on sons,large family gatherings,,,,
Punjab,Food and Lifestyle,Obsessed with Lassi,Fondness for Lassi,cultural significance of dairy-based drinks,,,,,
Punjab,Work and Jobs,Entrepreneurial mindset,Business-minded,ambitious,,,,,
Punjab,Work and Jobs,Common professions,Farmers,truck drivers,soldiers,,,,
Punjab,Others,Global presence,Global migrants,wealthy overseas,cultural preservation abroad,,,,
Punjab,Others,Dramatic behavior,Exaggerated expressions,theatrical gestures,,,,,
Punjab,Others,Loud and expressive,Expressive speech,animated communication,,,,,
West Bengal,Personality,Smart and knowledgeable,Intellectual,well-read,academic excellence,,,,
West Bengal,Personality,Lazy and unmotivated,Lazy,unmotivated,unambitious,,,,
West Bengal,Personality,Creative,Artistic,creative,,,,,
West Bengal,Personality,Argumentative,Intellectual elitism,love for debate,long-winded discussions,,,,
West Bengal,Personality,Emotional,Emotionally expressive,melodramatic,,,,,
West Bengal,Personality,Opinionated,Highly opinionated,vocal,,,,,
West Bengal,Personality,Thoughtful,Thoughtful,introspective demeanor,,,,,
West Bengal,Personality,Negative outlook,Pessimism,nostalgia,,,,,
West Bengal,Physical Appearance,Slim and graceful,Slim,lean build,delicate physique,elegant posture,,,
West Bengal,Physical Appearance,Distinctive features,Large expressive eyes,high cheekbones,fair-skinned,wearing glasses,,,
West Bengal,Physical Appearance,Weak physique,Physically weak,,,,,,
West Bengal,Physical Appearance,Long hair,Long,black,flowing hair,unkempt hair,,,
West Bengal,Food and Lifestyle,Fish and rice lovers,Obsessed with fish,hilsa,rice lovers,,,,
West Bengal,Food and Lifestyle,Sweet tooth,Fondness for sweets,rosogolla,mishti doi,sandesh,,,
West Bengal,Food and Lifestyle,Art and culture enthusiasts,Love for art,literature,classical music,aesthetic appreciation,,,
West Bengal,Food and Lifestyle,Poetry fans,Fondness for poetry,recitation,,,,,
West Bengal,Food and Lifestyle,Football fans,Lovers of football,,,,,,
West Bengal,Food and Lifestyle,Leisure-oriented,Preferring leisure over work,,,,,,
West Bengal,Clothing,Traditional attire,White or red-bordered saris,dhoti and kurta,flowing saris,,,,
West Bengal,Clothing,Simple accessories,Traditional jewelry,bindi,sindoor,bangles,nose rings,heavy necklaces,
West Bengal,Work and Jobs,Lazy workers,Preferring leisure,lack of drive for labor-intensive work,,,,,
West Bengal,Work and Jobs,Non-athletic,Non-athletic,,,,,,
West Bengal,Work and Jobs,Good at English,Superior command over the English language,,,,,,
West Bengal,Others,Proud of past achievements,Fixated on past achievements,,,,,,
West Bengal,Others,Creative hobbies,Writing,painting,music,cinema,poetry,,
West Bengal,Others,Politically involved,Politically active,left-leaning,Marxist,revolutionary,,,
West Bengal,Others,Socially divided,Factionalism,infighting,intellectual disputes,,,,
Gujarat,Personality,Business-minded,Entrepreneurial,politically astute,frugal,stingy,thrifty,,
Gujarat,Personality,Strict vegetarians,Deeply religious,non-violence (ahimsa),strict adherence to rituals,,,,
Gujarat,Personality,Conservative,Strong adherence to traditional customs,politically conservative,,,,,
Gujarat,Personality,Peaceful,Calm,avoiding conflict,avoiding confrontation,,,,
Gujarat,Personality,Highly devout,Devout Hindus,Jainism,Hindu nationalism,,,,
Gujarat,Food and Lifestyle,Love for sweets,Dhokla,doodhpak,laddus,shrikhand,halwa,undhiyu,
Gujarat,Food and Lifestyle,Fondness for simple yet flavorful cuisine,Simple,vegetarian,sweet dishes,,,,
Gujarat,Food and Lifestyle,Dry culture,Non-alcoholic beverages,,,,,,
Gujarat,Food and Lifestyle,Vibrant festivals,Navratri,Uttarayan,Garba enthusiasts,,,,
Gujarat,Clothing,Traditional attire,Brightly colored sarees,chaniya choli,traditional bandhani patterns,,,,
Gujarat,Clothing,Jewelry and adornments,Bindi,sindoor,bangles,necklaces,earrings,jewelry-making,
Gujarat,Clothing,Formal appearance,Well-dressed,formal attire,modest clothing choices,,,,
Gujarat,Physical Appearance,Fair or wheatish skin tone,Elderly men with turbans or caps,elderly women with white sarees,,,,,
Gujarat,Physical Appearance,Neat grooming,Short hair for older women,neat bun,tilak,mustache for older men,,,
Gujarat,Work and Jobs,Skilled artisans,Textile production,handloom work,craftsmen,,,,
Gujarat,Work and Jobs,Economically successful,Wealthy,affluent,owning motels,small shops,bargaining skills,,
Gujarat,Work and Jobs,Supportive community,Highly community-oriented,tight-knit groups,supportive of each other,,,,
Gujarat,Others,Men as primary providers,Men seen as breadwinners,focus on financial responsibility,,,,,
Gujarat,Others,Women as homemakers,Women perceived as caregivers,maintaining household traditions,,,,,
Bihar,Personality,Hardworking,Resilient,involved in farming,manual laborers,,,,
Bihar,Personality,Family-oriented,Strong community bonds,family-focused traditions,,,,,
Bihar,Personality,Politically active,Having strong political opinions,associated with political movements,,,,,
Bihar,Personality,Loud and expressive,Boisterous,strong presence in public spaces,,,,,
Bihar,Personality,Struggling with education,Uneducated,illiterate,poor command of English,,,,
Bihar,Personality,Aggressive,Rude,uncivil,untidy,,,,
Bihar,Personality,Deep cultural pride,Proud of their language,traditions,birthplace of Buddhism,,,,
Bihar,Physical Appearance,Rustic or rural look,Lean,wiry build,sturdy,muscular build,,,
Bihar,Physical Appearance,Traditional clothing,Dhoti-kurta for men,saree for women,simple footwear (chappals),,,,
Bihar,Physical Appearance,Modest appearance,Modest and practical clothing,religious marks on forehead (tilak/bindi),,,,,
Bihar,Physical Appearance,Weathered skin tone,Darker skin tone,dusty or rugged look,,,,,
Bihar,Physical Appearance,Distinctive facial features,Strong jawline,high cheekbones,,,,,
Bihar,Food and Lifestyle,Love for simple meals,Simple,traditional food,,,,,
Bihar,Food and Lifestyle,Rural lifestyle,Involved in farming,agrarian society,,,,,
Bihar,Food and Lifestyle,Cultural vibrancy,Folk music,dance,linguistic diversity (Hindi/Bhojpuri/Maithli,,,,
Bihar,Food and Lifestyle,Poor infrastructure,Inadequate roads,hospitals,schools,,,,
Bihar,Work and Jobs,Labor-intensive jobs,Manual laborers,migrant workers,low-skilled jobs,,,,
Bihar,Work and Jobs,Competitive exam focus,IAS and competitive exam-centric mindset,,,,,,
Bihar,Work and Jobs,Involved in crime,High crime rate,illegal activities,corrupt practices,,,,
Bihar,Others,Poverty-stricken,Poor conditions,economically disadvantaged,,,,,
Bihar,Others,Religious connection,Devout,strong ties to Hinduism,Buddhism,,,,
Bihar,Others,Elderly appearance,Older men with white dhoti and gamcha,elderly women in cotton sarees,,,,,
Kashmir,Personality,Always associated with conflict,Political unrest,affected by violence,militant,,,,
Kashmir,Personality,Peace-loving,Non-violent,calm demeanor,warm and hospitable,,,,
Kashmir,Personality,Conservative,Highly religious,Muslim majority,orthodox gender roles,,,,
Kashmir,Personality,Politically disengaged,Apolitical,politically disengaged,passive,,,,
Kashmir,Personality,Emotionally scarred,Traumatized,emotionally scarred,victims of violence,,,,
Kashmir,Personality,Deep cultural pride,Strong connection to traditions,linguistic diversity (Kashmiri,Urdu),,,,
Kashmir,Physical Appearance,Fair skin,Saffron complexion,light-colored eyes,high cheekbones,,,,
Kashmir,Physical Appearance,Weathered faces,Rugged,weather-worn faces,defined jawline,,,,
Kashmir,Physical Appearance,Graceful appearance,Elegant,poised posture,long thick dark hair,,,,
Kashmir,Physical Appearance,Traditional caps,Men with traditional caps (karakul),shaven heads with tuft (Shikha),,,,,
Kashmir,Clothing,Traditional attire,Phiran (long woolen cloak),kangri (portable heater),hijabs,,,,
Kashmir,Clothing,Women’s traditional jewelry,Dejhoor (large gold earrings),traditional Kashmiri jewelry,,,,,
Kashmir,Clothing,Woolen shawls,Pashmina shawls,rural Kashmiris in woolen shawls,,,,,
Kashmir,Food and Lifestyle,Agrarian lifestyle,Agriculture,animal husbandry,traditional crafts,,,,
Kashmir,Food and Lifestyle,Limited access to resources,Weak economy,dependent on financial aid,limited education/technology,,,,
Kashmir,Food and Lifestyle,Rural living,Isolated,backward,rugged lifestyle,,,,
Kashmir,Food and Lifestyle,Hospitality,Friendly,warm hosts,reserved but welcoming,,,,
Kashmir,Work and Jobs,Skilled artisans,Pashmina traders,carpet-weaving,traditional crafts,,,,
Kashmir,Work and Jobs,Refugees,Displaced victims,Kashmiri Pandits as displaced,,,,,
Kashmir,Work and Jobs,Tourist-focused economy,Exoticized,romanticized,picturesque landscapes,,,,
Kashmir,Others,Mystical and idyllic life,Life amidst beautiful natural landscapes,mystical perception,,,,,
Kashmir,Others,Oppressed women,Submissive women,conservative gender roles,,,,,
Tamil Nadu,Personality,Proud of Tamil identity,Highly proud of Tamil language,cultural heritage,anti-Hindi sentiment,,,,
Tamil Nadu,Personality,Socially conservative,Traditional family structures,strict gender roles,,,,,
Tamil Nadu,Personality,Devotees of Dravidian movement,Passionate about Dravidian identity,caste politics,,,,,
Tamil Nadu,Personality,Politically conscious,Strong attachment to regional politics,active political activism,,,,,
Tamil Nadu,Personality,Reserved and introverted,Quiet,disciplined,hardworking,,,,
Tamil Nadu,Personality,Film and entertainment enthusiasts,Fanatic devotion to film stars,politicians,passionate about cinema,,,,
Tamil Nadu,Personality,Highly educated,Skilled in STEM fields,intellectual,,,,,
Tamil Nadu,Physical Appearance,Darker skin tone,Prominent cheekbones,broad noses,strong jawlines,,,,
Tamil Nadu,Physical Appearance,Expressive features,Big,expressive eyes,sharp facial features,,,,
Tamil Nadu,Physical Appearance,Women’s traditional appearance,Long black hair,braids or buns,wearing flowers in hair,,,,
Tamil Nadu,Physical Appearance,Men’s traditional appearance,Men with mustaches,shaved heads with small tuft (shikha),,,,,
Tamil Nadu,Clothing,Traditional attire,Veshti for men,saree for women,madisar saree style,,,,
Tamil Nadu,Clothing,Heavy jewelry,Bangles,necklaces,large earrings,heavy gold jewelry,,,
Tamil Nadu,Clothing,Religious marks,Bindi,traditional angavastram for men,,,,,
Tamil Nadu,Food and Lifestyle,Spicy,rice-based cuisine,Idli,dosa,sambar,predominantly vegetarian,,
Tamil Nadu,Food and Lifestyle,Agrarian lifestyle,Rice farming,involvement in agriculture,,,,,
Tamil Nadu,Food and Lifestyle,Regional pride in food,Preference for local flavors,spicy dishes,,,,,
Tamil Nadu,Food and Lifestyle,Tech-savvy,Tech hub,focus on government jobs,,,,,
Tamil Nadu,Work and Jobs,Skilled migrant workers,Highly skilled workers migrating for jobs,,,,,,
Tamil Nadu,Work and Jobs,Classical arts enthusiasts,Skilled in classical music,Bharatanatyam,,,,,
Tamil Nadu,Others,Strong regionalism,Preference for local leaders,promotion of Tamil identity,,,,,
Tamil Nadu,Others,Modern yet traditional,Balancing modernity with adherence to traditions,,,,,,
Maharashtra,Personality,Proud of Marathi identity,Highly proud of Marathi language,cultural heritage,anti-North Indian sentiment,,,,
Maharashtra,Personality,Hardworking,Industrious,driven,strong work ethic,,,,
Maharashtra,Personality,Politically active,Social and political activism,caste-conscious society,,,,,
Maharashtra,Personality,Assertive,Confident,career-oriented,focused on personal growth,,,,
Maharashtra,Personality,Cosmopolitan mindset,Open-minded,multicultural,financially ambitious,,,,
Maharashtra,Personality,Devout Hindus,Strong devotion to Hindu gods,deeply religious,,,,,
Maharashtra,Personality,Caste-conscious,Hierarchical society,caste-based discrimination,,,,,
Maharashtra,Physical Appearance,Darker skin tone,Prominent cheekbones,strong jawlines,athletic build,,,,
Maharashtra,Physical Appearance,Traditional appearance,Men with mustaches,women with long braided hair,,,,,
Maharashtra,Physical Appearance,Rural vs. urban contrast,Farmers in white dhotis,urbanites in western attire,,,,,
Maharashtra,Clothing,Traditional Maharashtrian attire,Nauvari saree,dhoti-kurta,Kolhapuri chappals,,,,
Maharashtra,Clothing,Heavy jewelry,Gold bangles,necklaces,green glass bangles,nath (nose ring),,,
Maharashtra,Clothing,Urban modern clothing,Western attire,preference for simplicity,,,,,
Maharashtra,Food and Lifestyle,Spicy,street food-centric diet,Vada pav obsession,spicy food,predominantly vegetarian,,,
Maharashtra,Food and Lifestyle,Agrarian lifestyle,Rice or bhakri-based meals,farmers’ diet,,,,,
Maharashtra,Food and Lifestyle,Fast-paced urban life,Career-oriented,cosmopolitan lifestyle in Mumbai,,,,,
Maharashtra,Food and Lifestyle,Cultural vibrancy,Devotees of Shivaji,intellectual capital in Pune,,,,,
Maharashtra,Work and Jobs,Skilled migrant workers,High economic migration from rural to urban areas,,,,,,
Maharashtra,Work and Jobs,Bollywood-centric culture,Glamour,film industry,financial capital in Mumbai,,,,
Maharashtra,Work and Jobs,Agricultural focus,Farmers,agrarian society,rural workforce,,,,
Maharashtra,Others,Regional pride,Preference for Marathi over Hindi,protection of &quot,Marathi Manoos&quot,,,,
Maharashtra,Others,Intellectual hub,Major educational hub in Pune,cultural capital,,,,,
Assam,Personality,Highly proud of Assamese identity,Strong connection to Assamese language,cultural pride,,,,,
Assam,Personality,Politically unstable,Ethnic conflict,insurgency,issues of immigration,,,,
Assam,Personality,Calm and reserved,Peace-loving,soft-spoken,gentle demeanor,,,,
Assam,Personality,Hardworking,Diligent,hardworking,involved in agriculture,,,,
Assam,Personality,Less educated,Limited access to quality education,marginalized communities,,,,,
Assam,Personality,Anti-immigration sentiment,Hostile toward migrants,xenophobic attitudes,,,,,
Assam,Physical Appearance,East Asian facial features,Almond-shaped eyes,lighter eyes (gray or hazel),Mongoloid appearance,,,,
Assam,Physical Appearance,Slim and sturdy build,Slim build,strong features among men,shorter stature,,,,
Assam,Physical Appearance,Traditional appearance,Women with bindi,forehead marks,men with gamucha and lungi,,,,
Assam,Physical Appearance,Rural look,Barefoot rural men,square jawlines,broad shoulders,,,,
Assam,Clothing,Traditional attire,Mekhela chador for women,dhoti-kurta for men,,,,,
Assam,Clothing,Traditional accessories,Gamucha (cloth towels),gold jewelry,floral ornaments in hair,,,,
Assam,Clothing,Rural simplicity,Men in gamucha and lungi,barefoot villagers,,,,,
Assam,Food and Lifestyle,Fish and rice-based diet,Fish as staple,rice-based meals,spicy food,,,,
Assam,Food and Lifestyle,Tea culture,Tea plantations,tea drinkers,handloom products,,,,
Assam,Food and Lifestyle,Rural and agrarian lifestyle,Farmers,fishermen,weavers,flood-prone areas,,,
Assam,Food and Lifestyle,Tribal traditions,Backward tribal rituals,outdated customs,distinct cultural identity,,,,
Assam,Work and Jobs,Involved in agriculture,Farmers,fishermen,weavers,rural economy,,,
Assam,Work and Jobs,Skilled artisans,Handloom products,weaving,traditional crafts,,,,
Assam,Work and Jobs,Marginalized workforce,Ethnic minorities,limited opportunities,underdeveloped region,,,,
Assam,Others,Isolated and remote,Remote location,limited connectivity,disconnected from mainstream,,,,
Assam,Others,Nature lovers,Strong affinity for wildlife,forest conservation,environmental consciousness,,,,
Uttar Pradesh,Personality,Politically dominant,Deeply involved in politics,power struggles,caste-based voting,,,,
Uttar Pradesh,Personality,Aggressive and confrontational,Rough,loud,hardworking,,,,
Uttar Pradesh,Personality,Highly religious,Overly devout Hindus,overly devout Muslims,rigid gender roles,,,,
Uttar Pradesh,Personality,Socially conservative,Patriarchal family structures,women confined to domestic duties,,,,,
Uttar Pradesh,Personality,Proud of Hindi,Resistant to other languages,strong focus on Hindi literature,,,,,
Uttar Pradesh,Personality,Uneducated and rural,Lacking access to modern education,backward mindset,,,,,
Uttar Pradesh,Personality,Caste-conscious,Caste-based discrimination,social hierarchies,caste-based politics,,,,
Uttar Pradesh,Physical Appearance,Darker skin tone,Strong,stocky build,long black braided hair,,,,
Uttar Pradesh,Physical Appearance,Traditional appearance,Men with mustaches,women with bindi,rural men wearing gamcha,,,,
Uttar Pradesh,Physical Appearance,Rural aesthetic,Bullock carts,simple village life,barefoot villagers,,,,
Uttar Pradesh,Clothing,Traditional attire,Dhoti-kurta,lungi,saree,salwar kameez,elderly women with ghoonghat,,
Uttar Pradesh,Clothing,Heavy jewelry,Bangles,nose rings (nath),simple footwear (chappals or barefoot),,,,
Uttar Pradesh,Clothing,Wearing turbans,Pagri as a symbol of pride,traditional headgear,,,,,
Uttar Pradesh,Food and Lifestyle,Simple,spicy diet,Roti and sabzi,rich oily food,primarily vegetarian,,,
Uttar Pradesh,Food and Lifestyle,Rural lifestyle,Farming,engaged in manual labor,poor migrant workers,,,,
Uttar Pradesh,Food and Lifestyle,Grand celebrations,Elaborate weddings,traditional festivals,kavi sammelan,,,,
Uttar Pradesh,Work and Jobs,Low-skilled migrant workers,Primarily agriculture,farming,manual labor,,,,
Uttar Pradesh,Work and Jobs,Poor infrastructure,Underdeveloped roads,limited healthcare,inefficient bureaucracy,,,,
Uttar Pradesh,Work and Jobs,Religious tourism,Associated with pilgrimage sites,economically challenged,,,,,
Uttar Pradesh,Others,Large families,Prefer large families,less concern for family planning,,,,,
Uttar Pradesh,Others,Crime and corruption,Lawlessness,caste-based crime,politically opportunistic,,,,
Uttar Pradesh,Others,Politically unstable,Ethnic conflict,insurgency,issues of immigration,,,,
Uttar Pradesh,Others,Isolated and remote,Remote location,limited connectivity,disconnected from mainstream,,,,
Uttar Pradesh,Others,Nature lovers,Strong affinity for wildlife,forest conservation,environmental consciousness,,,,
Karnataka,Personality,Proud of Kannada identity,Strong connection to Kannada language,resistance to Hindi,,,,,
Karnataka,Personality,Highly educated,Skilled in technology,strong education system,,,,,
Karnataka,Personality,Calm and reserved,Soft-spoken,non-confrontational,humble,,,,
Karnataka,Personality,Socially conservative,Traditional family structures,rigid gender roles,,,,,
Karnataka,Personality,Politically moderate,Focus on political stability,pragmatic approach,,,,,
Karnataka,Personality,Devout Hindus,Strong devotion to Hindu gods,sacred groves,pilgrimage sites,,,,
Karnataka,Personality,Global yet traditional,Cosmopolitan lifestyle with deep-rooted traditions,,,,,,
Karnataka,Physical Appearance,Darker skin tone,Lean or muscular build,thick mustaches,strong facial features,,,,
Karnataka,Physical Appearance,Traditional appearance,Men in lungi or dhoti,women in sarees,gold jewelry,,,,
Karnataka,Physical Appearance,Urban vs. rural contrast,Urban professionals in modern attire,rural men in simple village wear,,,,,
Karnataka,Clothing,Traditional attire,Mysore silk sarees,lungi,panche,turban (Mysuru Peta),,,
Karnataka,Clothing,Gold jewelry,Bangles,necklaces,earrings,,,,
Karnataka,Clothing,Westernized urbanites,Modern clothing in cities,tech hub influence,,,,,
Karnataka,Food and Lifestyle,Coconut-based cuisine,Mild cuisine,sambar,bisi bele bath,ragi mudde,,,
Karnataka,Food and Lifestyle,Coffee culture,Love for coffee,coffee producers (Coorg),coffee lovers,,,,
Karnataka,Food and Lifestyle,Agrarian lifestyle,Farming,ragi as staple,rural focus on agriculture,,,,
Karnataka,Food and Lifestyle,Wellness-focused,Yoga enthusiasts,focus on wellness,environmental consciousness,,,,
Karnataka,Work and Jobs,Tech-savvy workforce,Startup hub,Bengaluru as tech capital,,,,,
Karnataka,Work and Jobs,Skilled artisans,Mysore silk weaving,traditional crafts,,,,,
Karnataka,Work and Jobs,Multilingual workforce,Prefer Kannada but fluent in multiple languages,,,,,,
Karnataka,Others,Strong regional pride,Kannada Rajyotsava,cultural festivals,classical arts,,,,
Karnataka,Others,Nature lovers,Wildlife sanctuaries,natural landscapes,environmental focus,,,,
Kerala,Personality,Highly literate,Highest literacy rate,emphasis on academic achievement,knowledgeable,,,,
Kerala,Personality,Politically progressive,Left-leaning,socialism,communism,strikes and protests,,,
Kerala,Personality,Socially conscious,Forward-thinking,gender equality,socially progressive,,,,
Kerala,Personality,Hardworking,Hardworking migrant workers,especially in Gulf countries,,,,,
Kerala,Personality,Peaceful,Non-confrontational,laid-back,peaceful demeanor,,,,
Kerala,Personality,Caste-conscious,Deep-rooted caste discrimination,highly caste-conscious society,,,,,
Kerala,Physical Appearance,Darker skin tone,Angular jawlines,prominent noses,strong facial features,,,,
Kerala,Physical Appearance,Traditional appearance,Men wearing mundu,women wearing kasavu saree,shorter stature,,,,
Kerala,Physical Appearance,Rural aesthetic,Rural men with bare chests and mundu,women in simple traditional sarees,,,,,
Kerala,Physical Appearance,Well-groomed hair,Long,thick,black hair,well-oiled braids or loose hair,,,
Kerala,Clothing,Traditional attire,Mundu for men,kasavu saree for women,,,,,
Kerala,Clothing,Heavy jewelry,Bangles,necklaces,earrings,heavy gold jewelry,,,
Kerala,Clothing,Religious attire,Women with flowers in their hair,thick mustaches for men,,,,,
Kerala,Food and Lifestyle,Coconut-based cuisine,Puttu,appam,fish curry,sambar,rice-based meals,,
Kerala,Food and Lifestyle,Health-focused,Strong focus on Ayurveda,reliance on natural medicine,,,,,
Kerala,Food and Lifestyle,Agrarian lifestyle,Coconut trees,scenic landscapes,temple visits,,,,
Kerala,Food and Lifestyle,Tourism-centric,Land of backwaters,beautiful beaches,natural beauty,,,,
Kerala,Work and Jobs,Dominant in healthcare,Nurses,doctors,skilled in English,,,,
Kerala,Work and Jobs,Dominant in education,Teachers,emphasis on education sectors,,,,,
Kerala,Work and Jobs,Economically prosperous,Associated with Gulf remittances,economically successful,,,,,
Kerala,Others,Culturally proud,Proud of Malayalam language,classical arts,Mohiniyattam,Kathakali,,,
Kerala,Others,Harmonious society,Religious diversity,harmony among Hinduism,Christianity,and Islam,,,
Kerala,Others,Nature lovers,Scenic landscapes,coconut trees,backwaters,natural beauty,,,
Odisha,Personality,Simple and humble,Modest demeanor,non-assertive,down-to-earth,,,,
Odisha,Personality,Hardworking but limited to manual labor,Labor-intensive work,domestic work,farming,,,,
Odisha,Personality,Strong devotion to religion,Worship of Lord Jagannath,Rath Yatra,Jagannath culture,,,,
Odisha,Personality,Quiet and reserved,Shy,reserved,quiet demeanor,,,,
Odisha,Personality,Culturally traditional,Resistance to adopting other languages or cultures,proud of Odia identity,,,,,
Odisha,Personality,Poor communication skills,Struggling with Hindi or English,language barriers,,,,,
Odisha,Physical Appearance,Darker skin tone,Shorter stature,strong facial structures,tribal features,,,,
Odisha,Physical Appearance,Tribal aesthetic,Tribal tattoos,body art,minimalistic attire,,,,
Odisha,Physical Appearance,Rural appearance,Rural men with lean build,women with long,thick hair,,,,
Odisha,Clothing,Traditional attire,Women wearing Sambalpuri and Bomkai sarees,men wearing dhotis,,,,,
Odisha,Clothing,Tribal jewelry,Beaded jewelry,simple jewelry,minimal makeup,,,,
Odisha,Clothing,Conservative clothing,Women confined to domestic duties,modest and traditional aesthetic,,,,,
Odisha,Food and Lifestyle,Rice-based diet,Dalma,heavy reliance on rice,simple mild cuisine,,,,
Odisha,Food and Lifestyle,Rural and agrarian lifestyle,Predominantly engaged in agriculture,living in remote areas,,,,,
Odisha,Food and Lifestyle,Vulnerable to natural disasters,Cyclones,floods,living in vulnerable conditions,,,,
Odisha,Work and Jobs,Low-skilled migrant workers,Manual labor,low education levels,poor access to opportunities,,,,
Odisha,Work and Jobs,Economically dependent on mining,Coal,iron ore,and other natural resources,,,,
Odisha,Work and Jobs,Limited economic opportunities,High unemployment,underdeveloped infrastructure,,,,,
Odisha,Others,Culturally backward,Outdated customs,limited cultural identity,artistic weaving,,,,
Odisha,Others,Tribal pride,Distinctive tribal traditions,Sambalpuri and Bomkai textiles,,,,,
Odisha,Others,Not politically active,Limited political engagement,quiet and shy nature,,,,,
Madhya Pradesh,Personality,Simple and traditional,Rooted in old customs,modest communication style,,,,,
Madhya Pradesh,Personality,Calm and reserved,Laid-back,soft-spoken,less politically active,,,,
Madhya Pradesh,Personality,Strong regional pride,Proud of local language,culture,and traditions,,,,
Madhya Pradesh,Personality,Conservative,Adhering to traditional values,conservative social structures,,,,,
Madhya Pradesh,Personality,Devout and religious,Devotion to local deities,traditional religious practices,,,,,
Madhya Pradesh,Personality,Economically underdeveloped,Poor infrastructure,dependent on government schemes,,,,,
Madhya Pradesh,Personality,Politically passive,Less inclined to take risks,politically disengaged,,,,,
Madhya Pradesh,Physical Appearance,Darker skin tone,Distinctive tribal features,strong facial structures,,,,,
Madhya Pradesh,Physical Appearance,Lean and strong build,Men with mustaches,women with long black hair,,,,,
Madhya Pradesh,Physical Appearance,Tribal aesthetic,Traditional tattoos,body art,minimal makeup,,,,
Madhya Pradesh,Clothing,Traditional attire,Lehenga-choli for women,dhoti or kurta for men,,,,,
Madhya Pradesh,Clothing,Tribal jewelry,Silver bangles,necklaces,nose rings,beaded necklaces,,,
Madhya Pradesh,Clothing,Rural simplicity,Handwoven fabrics,turbans,barefoot or simple footwear (chappals),,,,
Madhya Pradesh,Food and Lifestyle,Wheat-based diet,Roti,sabzi,simple cuisine,,,,
Madhya Pradesh,Food and Lifestyle,Tribal lifestyle,Living in isolation,agrarian economy,tribal festivals,,,,
Madhya Pradesh,Food and Lifestyle,Folk music and dance enthusiasts,Associated with folk music,traditional tribal rituals,,,,,
Madhya Pradesh,Food and Lifestyle,Historical and cultural landmarks,Associated with ancient monuments,rich tribal heritage,,,,,
Madhya Pradesh,Work and Jobs,Agriculture-focused,Predominantly involved in farming,manual labor,,,,,
Madhya Pradesh,Work and Jobs,Skilled artisans,Handloom weaving,pottery,traditional crafts,,,,
Madhya Pradesh,Work and Jobs,Low-skilled workforce,Small-scale industries,less educated,low literacy rates,,,,
Madhya Pradesh,Others,Tribal identity,Bhils,Gonds,Baigas,tribal customs and traditions,,,
Madhya Pradesh,Others,Backward and primitive perception,Tribal people perceived as backward,living in isolation,,,,,
Andhra Pradesh,Personality,Proud of Telugu identity,Strong connection to Telugu language,resistance to Hindi,,,,,
Andhra Pradesh,Personality,Hardworking,Diligent,involved in agriculture,manual labor,,,,
Andhra Pradesh,Personality,Deeply traditional,Slow to modernize,overly traditional customs,,,,,
Andhra Pradesh,Personality,Politically active,Regional political movements,involvement in state politics,,,,,
Andhra Pradesh,Personality,Caste-conscious,Social hierarchy,caste-based discrimination,,,,,
Andhra Pradesh,Personality,Devout Hindus,Strong devotion to Lord Venkateswara,religious rituals,,,,,
Andhra Pradesh,Personality,Obsessed with rice,Rice as a staple,rice-based dishes,,,,,
Andhra Pradesh,Personality,Competitive exam-focused,Intense focus on academic achievement,engineering background,,,,,
Andhra Pradesh,Physical Appearance,Darker skin tone,Lean or tall build,strong facial structures,,,,,
Andhra Pradesh,Physical Appearance,Tribal features,Unique clothing styles,tribal communities (Lambadas,Yanadis),,,,
Andhra Pradesh,Physical Appearance,Rural appearance,Simple cotton clothing,barefoot villagers,,,,,
Andhra Pradesh,Clothing,Traditional attire,Saree for women,lungi/dhoti for men,,,,,
Andhra Pradesh,Clothing,Heavy jewelry,Bangles,necklaces,nose rings,heavy traditional gold jewelry,,,
Andhra Pradesh,Clothing,Men with mustaches,Strong facial features,styled hair,,,,,
Andhra Pradesh,Food and Lifestyle,Spicy and tangy cuisine,Pulihora,gongura,spicy pickles,,,,
Andhra Pradesh,Food and Lifestyle,Rice obsession,Rice-based meals,biryani,,,,,
Andhra Pradesh,Food and Lifestyle,Coastal lifestyle,Reliance on fishing,maritime identity,,,,,
Andhra Pradesh,Food and Lifestyle,Love for cinema,Tollywood obsession,movie stars idolized,,,,,
Andhra Pradesh,Work and Jobs,Agriculture-focused,Rice cultivation,farming,,,,,
Andhra Pradesh,Work and Jobs,Skilled in IT and engineering,Engineers,tech professionals,,,,,
Andhra Pradesh,Work and Jobs,Migrant workers,Low-skilled jobs,migration for work,,,,,
Andhra Pradesh,Others,Culturally rich,Classical dance forms (Kuchipudi),rich cultural heritage,,,,,
Andhra Pradesh,Others,Pilgrimage sites,Tirupati Balaji temple,spiritual tourism,,,,,
Andhra Pradesh,Others,Politically divided,Telangana separation,regional loyalty,,,,,
Haryana,Personality,Aggressive and straightforward,Blunt communication,outspoken,tough,unwilling to compromise,,,
Haryana,Personality,Hardworking,Heavily involved in agriculture,resilient,focused on farming,,,,
Haryana,Personality,Conservative,Resistant to social changes,traditional gender roles,patriarchal,,,,
Haryana,Personality,Politically active,Vocal about regional politics,strong regional political movements,,,,,
Haryana,Personality,Patriarchal mindset,Gender imbalance,limited freedom for women,male dominance,,,,
Haryana,Personality,Deeply patriotic,Strong attachment to tradition,festivals,and local deities,,,,
Haryana,Personality,Devout Hindus,Strong focus on Hindu rituals,religious conservatism,,,,,
Haryana,Personality,No-nonsense approach,Practical,straightforward,preference for arranged marriages,,,,
Haryana,Physical Appearance,Rural aesthetic,Simple clothing,rugged look,weathered faces,,,,
Haryana,Physical Appearance,Athletic build,Wrestlers,physically strong,excelling in sports,,,,
Haryana,Physical Appearance,Traditional appearance,Men in dhoti and turban,women in ghagra-choli,,,,,
Haryana,Clothing,Traditional attire,Dhoti and turban for men,ghagra-choli for women,,,,,
Haryana,Clothing,Heavy jewelry,Bangles,necklaces,nose rings,heavy gold or silver jewelry,,,
Haryana,Food and Lifestyle,Dairy-rich diet,Preference for dairy products,non-vegetarian food,simple hearty meals,,,,
Haryana,Food and Lifestyle,Love for rural life,Resistance to urbanization,deep connection to rural traditions,,,,,
Haryana,Food and Lifestyle,Sports enthusiasts,Wrestling,kabaddi,excelling in athletics,,,,
Haryana,Work and Jobs,Agriculture-focused,Grain production,dairy farming,rural occupations,,,,
Haryana,Work and Jobs,Skilled in military,High respect for military,strong presence in armed forces,,,,,
Haryana,Work and Jobs,Limited industrial growth,Economically dependent on agriculture and traditional industries,,,,,,
Haryana,Others,Gender inequality,Skewed sex ratios,discrimination against women,female infanticide,,,,
Haryana,Others,Regional pride,Strong connection to Haryanvi identity,rich cultural heritage,,,,,
Haryana,Others,Religious festivals,Devotion to local festivals,Jat pride,cultural celebrations,,,,
Jharkhand,Personality,Strong tribal identity,Tribal customs,traditional festivals,deeply rooted in tribal culture,,,,
Jharkhand,Personality,Economically underdeveloped,Backward,primitive,limited access to modern education,,,,
Jharkhand,Personality,Deeply spiritual,Spiritual connection to nature,devotion to local deities,,,,,
Jharkhand,Personality,Politically marginalized,Lack of political influence,isolated from national mainstream,,,,,
Jharkhand,Personality,Resistant to modernization,Slow to adopt modern practices,traditional lifestyle,,,,,
Jharkhand,Personality,Hardworking,Involved in manual labor,accustomed to hard work,,,,,
Jharkhand,Physical Appearance,Distinct tribal features,Darker skin tone,short stature,strong facial structures,,,,
Jharkhand,Physical Appearance,Physically strong and hardy,Muscular build,accustomed to manual labor,,,,,
Jharkhand,Physical Appearance,Rustic appearance,Unkempt hair and beards,barefoot or simple footwear,,,,,
Jharkhand,Clothing,Traditional tribal clothing,Heavy beaded jewelry,body adornments like tattoos or markings,,,,,
Jharkhand,Clothing,Women’s traditional attire,Long,unadorned hair,floral adornments,,,,
Jharkhand,Clothing,Men’s traditional appearance,Thick hair,unkempt beards,rustic look,,,,
Jharkhand,Food and Lifestyle,Simple,rural diet,Subsistence farming,reliance on traditional food,,,,
Jharkhand,Food and Lifestyle,Agrarian lifestyle,Focus on agriculture,low-skilled migrant workers,,,,,
Jharkhand,Food and Lifestyle,Connection to nature,Heavily involved in tribal festivals,rituals tied to nature,,,,,
Jharkhand,Work and Jobs,Low-skilled migrant workers,Manual labor,employment in other states,,,,,
Jharkhand,Work and Jobs,Mining-focused economy,Economically dependent on mining activities,,,,,,
Jharkhand,Work and Jobs,Limited economic opportunities,Poor infrastructure,lack of industrial growth,,,,,
Jharkhand,Others,Women confined to domestic roles,Traditional gender roles,women bound to household duties,,,,,
Jharkhand,Others,Isolated and remote,Geographically isolated,disconnected from national development,,,,,
Nagaland,Personality,Strong tribal identity,Hornbill Festival,rejection of mainstream Indian culture,,,,,
Nagaland,Personality,Conservative Christian state,Rejection of Hinduism,focus on Christianity,,,,,
Nagaland,Personality,Patriarchal mindset,Male-dominated society,women don’t participate in politics,,,,,
Nagaland,Personality,Politically disengaged,Lack of interest in national politics,conflict with Indian government,,,,,
Nagaland,Personality,Self-sufficient,Farmers,reliance on agriculture,dependence on government aid,,,,
Nagaland,Personality,Aggressive and warlike,Warrior-like posture,perceived as unsafe for outsiders,,,,,
Nagaland,Physical Appearance,Petite and lean build,Short stature,small eyes,high cheekbones,,,,
Nagaland,Physical Appearance,Southeast Asian features,Straight black hair,slanted eyes,flat noses,,,,
Nagaland,Physical Appearance,Tribal aesthetic,Men with big ear piercings,women with facial tattoos,,,,,
Nagaland,Physical Appearance,Athletic physique,Lean and muscular builds,strong posture,,,,,
Nagaland,Clothing,Traditional tribal attire,Colorful skirts,beaded jewelry,headgear with feathers,,,,
Nagaland,Clothing,Distinctive adornments,Large colorful beads,men with tribal tattoos,women with facial tattoos,,,,
Nagaland,Clothing,Reserved and modest,Women in graceful attire,men in traditional warrior-inspired clothing,,,,,
Nagaland,Food and Lifestyle,Non-vegetarian diet,Pork,beef,insects,dogs,avoidance of Indian staples like roti and dal,,
Nagaland,Food and Lifestyle,Matrilineal society,Women not facing gender discrimination,,,,,,
Nagaland,Food and Lifestyle,English-speaking,English as first language,limited Hindi speakers,,,,,
Nagaland,Work and Jobs,Limited corporate involvement,Focus on farming,sports,music,lack of corporate jobs,,,
Nagaland,Work and Jobs,Skilled artisans,Weaving,beadwork,traditional crafts,,,,
Nagaland,Others,Isolated from mainstream India,Perceived as backward or tribal,lack of integration with Indian society,,,,,
Nagaland,Others,Conflict-prone,Always in conflict with the Indian government,,,,,,
Nagaland,Others,Mystical and exoticized,Picturesque landscapes,romanticized tribal lifestyle,,,,,
Tripura,Personality,Strong tribal identity,Animistic or indigenous religions,traditional tattoos,mystical rituals,,,,
Tripura,Personality,Reserved and traditional,Very reserved,not socially outspoken,follow traditional customs,,,,
Tripura,Personality,Backward and underdeveloped,Lack of higher education,limited industrial presence,conflict zone,,,,
Tripura,Personality,Politically unstable,Limited political representation,politically disengaged,,,,,
Tripura,Personality,Not highly educated,Poor Hindi/English skills,lack of national-level academic representation,,,,,
Tripura,Personality,Self-reliant,Farmers,handicrafts,traditional weaving as primary economic activities,,,,
Tripura,Physical Appearance,Southeast Asian features,Small,slanted eyes,fair-skinned,sharp or high cheekbones,,,
Tripura,Physical Appearance,Athletic build,Naturally fit,muscular men,slim and petite women,,,,
Tripura,Physical Appearance,Short stature,Short in height,small-eyed,broader flat noses,,,,
Tripura,Clothing,Traditional tribal attire,Rignai and Risa for women,dhoti or tribal clothes for men,,,,,
Tripura,Clothing,Heavy jewelry and adornments,Heavy silver/beaded jewelry,bone/wooden accessories,tribal tattoos,,,,
Tripura,Clothing,Colorful and distinct clothing,Colorful clothes with tribal patterns,traditional headbands,,,,,
Tripura,Food and Lifestyle,Simple,non-spicy diet,Boiled food,no spices,pork,bamboo shoots,insects,frogs
Tripura,Food and Lifestyle,Alcohol-centric lifestyle,Drink rice beer (Chuwarak),homemade alcohol,local liquor consumption,,,,
Tripura,Food and Lifestyle,Rural traditions,Always eat with hands,sit on the floor,live in wooden/bamboo huts,,,,
Tripura,Work and Jobs,Agriculture-focused,Predominantly farmers,subsistence farming,,,,,
Tripura,Work and Jobs,Low-skilled migrant workers,Migrate for better jobs,government job seekers,,,,,
Tripura,Work and Jobs,Skilled artisans,Handicrafts,traditional weaving,handmade baskets,,,,
Tripura,Others,Isolated from mainstream India,Culturally closer to Southeast Asia,mistaken for foreigners,,,,,
Tripura,Others,Martial arts enthusiasts,Excel in martial arts,not very involved in cricket,,,,,
Tripura,Others,Musicians and dancers,Tribal music and dance,artistic expression through performances,,,,,
Goa,Personality,Laid-back and carefree,Lazy,less ambitious,always happy,stress-free,friendly,,
Goa,Personality,Extroverted,Outgoing,party-loving,musically inclined,,,,
Goa,Personality,Politically indifferent,Detached from mainland India,politically unengaged,,,,,
Goa,Personality,Less conservative,Liberal mindset,open-minded,,,,,
Goa,Personality,Beach lovers,Love beaches,expert swimmers,live near the sea,,,,
Goa,Physical Appearance,Westernized appearance,Mixed European-Indian ancestry,tanned skin,lighter-colored eyes,,,,
Goa,Physical Appearance,Sharp facial features,Large expressive eyes,curly or wavy hair,rugged fisherman look,,,,
Goa,Physical Appearance,Athletic build,Lean and fit,muscular men,curvy or petite women,,,,
Goa,Physical Appearance,Tattoos and accessories,Tattoos,dreadlocks,anklets,crosses,,,
Goa,Clothing,Casual beachwear,Always in casual beachwear,Hawaiian-style shirts,sunglasses,hats,,,
Goa,Clothing,Traditional attire,Rarely wear traditional Indian clothes,fishermen in traditional attire,,,,,
Goa,Food and Lifestyle,Seafood and alcohol lovers,Love seafood,feni (local liquor),beer,wine,,,
Goa,Food and Lifestyle,Nightlife enthusiasts,Always partying,nightlife-focused,,,,,
Goa,Food and Lifestyle,Christian traditions,Celebrate Carnival,Goan weddings follow Christian customs,,,,,
Goa,Work and Jobs,Tourism-centric,Primarily work in tourism,rarely migrate out of Goa,,,,,
Goa,Work and Jobs,Musically inclined,Carry guitars,love music,,,,,
Goa,Others,Detached from mainstream India,Different from the rest of India,culturally closer to Portugal,,,,,
Goa,Others,Exoticized and romanticized,Perceived as picturesque,idealized beach lifestyle,,,,,
Chhattisgarh,Personality,Down-to-earth and humble,Simple-living, modest, hospitable, shy,,,
Chhattisgarh,Personality,Hardworking,Involved in farming, daily-wage labor, resilient,,,,
Chhattisgarh,Personality,Traditional mindset,Frugal, superstitious, reliant on traditional practices,,,,
Chhattisgarh,Personality,Nature-loving,Love for forests, reliance on forest produce, minimal use of oil,,,,
Chhattisgarh,Personality,Community-oriented,Close family ties, community feasts (bhoj), oral storytelling,,,,
Chhattisgarh,Physical Appearance,Medium-to-dark complexion,Sturdy build, calloused hands, weather-beaten skin,,,,
Chhattisgarh,Physical Appearance,Tribal features,High cheekbones, thick moustaches, tribal tattoos (in some communities),,,,
Chhattisgarh,Physical Appearance,Lean and strong,Lean frame, prominent noses, expressive eyes,,,,
Chhattisgarh,Clothing,Traditional attire,Dhoti-kurta, light-colored cotton sarees, handwoven Kota cloth,,,,
Chhattisgarh,Clothing,Tribal jewelry,Beads, bangles, mangalsutra, tie-dyed fabrics,,,
Chhattisgarh,Clothing,Practical accessories,Pagdi (turban), gamcha (thin towel scarf), wooden footwear (khadau),,,,
Chhattisgarh,Food and Lifestyle,Rice-centric diet,Red rice, chana sira snacks, farin (rice dumplings), green leafy saag,,,
Chhattisgarh,Food and Lifestyle,Forest-based cuisine,Reliance on mahua liquor, forest produce, minimal oil usage,,,,
Chhattisgarh,Food and Lifestyle,Rustic lifestyle,Simple home-cooked meals, early rising, roadside “tapri” tea culture,,,,
Chhattisgarh,Work and Jobs,Agriculture-focused,Rice farmers, reliance on farming,,,,,
Chhattisgarh,Work and Jobs,Skilled artisans,Weavers, potters, bamboo &amp, metalwork artisans,,,
Chhattisgarh,Work and Jobs,Forest gatherers,Mahua collectors, forest guards, reliance on forest resources,,,,
Chhattisgarh,Work and Jobs,Low-skilled workers,Daily-wage laborers, coal miners, rice-mill workers,,,,
Chhattisgarh,Others,Strong tribal identity,Folk music, pandavani, Bastar Dussehra enthusiasts,,,,
Chhattisgarh,Others,Worship of local deities,Devotion to Danteshwari, Betalnu (betel leaf) chewing,,,,,
Chhattisgarh,Others,Low-key lifestyle,Minimal city-style glamour, rustic dialects, respect for elders,,,,
Himachal Pradesh,Personality,Down-to-earth and hardy,Simple-living, nature-loving, resilient, humble,,,
Himachal Pradesh,Personality,Hospitable and community-oriented,Soft-spoken, family-centric, pride in heritage,,,,
Himachal Pradesh,Personality,Conservative mindset,Stubborn, narrow-minded, suspicious of outsiders,,,,
Himachal Pradesh,Personality,Naive and gullible,Backward, ignorant, slow-paced lifestyle,,,,
Himachal Pradesh,Personality,Alcohol-dependent,Heavy drinkers, love for home-brewed angoori wine, mahua liquor,,,,
Himachal Pradesh,Physical Appearance,Hardy hillbilly appearance,Fair to medium complexion, weather-tanned skin, sturdy build,,,,
Himachal Pradesh,Physical Appearance,Rugged and homely features,High cheekbones, thick mustaches, curly or unruly hair,,,,
Himachal Pradesh,Physical Appearance,Calloused hands and lean frame,Sun-burned forearms, bruised knuckles, dirty fingernails,,,,
Himachal Pradesh,Clothing,Traditional woolen attire,Woolen caps (topi), Kinnauri caps, shawls (chaddar), hand-knit sweaters,,,
Himachal Pradesh,Clothing,Coarse and rugged clothing,Pahari jackets, coarse cotton lungis, smelly sheep-wool garments,,,,
Himachal Pradesh,Food and Lifestyle,Simple and rustic diet,Rice-and-dal staples, madra, sidu, babru, rajma,,
Himachal Pradesh,Food and Lifestyle,Apple-heavy cuisine,Apple growers, apple-heavy dishes, roadside fruit stalls,,,,
Himachal Pradesh,Food and Lifestyle,Minimal hygiene,Open-field defecation, minimal fast-food culture,,,,,
Himachal Pradesh,Food and Lifestyle,Love for local drinks,Home-brewed angoori wine, mahua liquor, roadside chai-stopper,,,,
Himachal Pradesh,Work and Jobs,Agriculture and fruit farming,Apple growers, shepherds (gaddis), small-time hoteliers,,,,
Himachal Pradesh,Work and Jobs,Skilled artisans,Wool traders, potters, basket-weavers,,,,
Himachal Pradesh,Work and Jobs,Unskilled labor,Hydro-project laborers, army recruits, unskilled daily-wage laborers,,,,
Himachal Pradesh,Others,Strong tribal identity,Folk-dance (Nati), Bastar Dussehra enthusiasts, reverence for deities,,,,
Himachal Pradesh,Others,Isolated and rustic lifestyle,Rustic dialects, buggy mountain roads, back-of-beyond mentality,,,,
Himachal Pradesh,Others,Pride in cleanliness,Oral storytelling addicts, pride in “clean” villages,,,,,
Arunachal Pradesh,Personality,Shy and reserved,Reserved, hard to approach, peaceful,,,,
Arunachal Pradesh,Personality,Hospitable and family-oriented,Hospitable, gentle, family-centric,,,,
Arunachal Pradesh,Personality,Naive and gullible,Docile, naive, simplistic,,,,
Arunachal Pradesh,Personality,Nature-loving,Love for nature, slow-paced lifestyle,,,,,
Arunachal Pradesh,Personality,Superstitious mindset,Strong belief in animism, folklore-rich culture,,,,,
Arunachal Pradesh,Physical Appearance,Medium complexion and lean physique,Lean build, soft facial features, medium complexion,,,,
Arunachal Pradesh,Physical Appearance,Tribal aesthetic,Broad cheekbones, tribal tattoos, sun-weathered skin,,,,
Arunachal Pradesh,Physical Appearance,Hardworking and rugged,Calloused hands, barefoot calluses, slight stature,,,,
Arunachal Pradesh,Clothing,Traditional tribal attire,Colorful shawls, bamboo hats, Galo drape, Akong wrap,,,
Arunachal Pradesh,Clothing,Adornments and accessories,Beads, necklaces, cane baskets, woolen scarves,,,
Arunachal Pradesh,Food and Lifestyle,Rice-and-meat staples,Fermented fish, bamboo-shoot curries, smoked meat,,,,
Arunachal Pradesh,Food and Lifestyle,Forest-based lifestyle,Foraging forest produce, herbal remedies, seasonal eating,,,,
Arunachal Pradesh,Food and Lifestyle,Minimal processed foods,Fish-centric diet, millet ale drinking, mountain-spring water,,,,
Arunachal Pradesh,Work and Jobs,Agriculture-focused,Shifting cultivators, vegetable farmers, fruit orchard workers,,,,
Arunachal Pradesh,Work and Jobs,Skilled artisans,Bamboo craftsmen, tribal artisans,,,,,
Arunachal Pradesh,Work and Jobs,Security and service roles,Security-force recruits, government clerks, village school teachers,,,,
Arunachal Pradesh,Others,Strong tribal identity,Animistic beliefs, matriarchal influences, chiefdom-loyalty mindset,,,,
Arunachal Pradesh,Others,Remote-living reputation,Inaccessible terrain, road-less stereotypes, sleepy villages,,,,
Arunachal Pradesh,Others,Underdeveloped infrastructure,Heavy monsoon dependence, underdeveloped infrastructure,,,,,
Manipur,Personality,Reserved and insular,Suspicious of outsiders, proud, family-centric,,,,
Manipur,Personality,Hardy and nature-loving,Athletic, adaptable, stoic,,,,
Manipur,Personality,Quick-tempered and spiritual,Superstitious, mystical beliefs, naive,,,,
Manipur,Personality,Community-oriented,Strong tribal solidarity, matriarchal leanings,,,,,
Manipur,Physical Appearance,Lean and athletic build,Medium to dark complexion, high cheekbones, muscular calves,,,,
Manipur,Physical Appearance,Tribal aesthetic,Tribal tattoos, prominent noses, weather-beaten skin,,,,
Manipur,Physical Appearance,Small stature,Slender hands, sharp facial features, thick black hair,,,,
Manipur,Clothing,Traditional attire,Phanek (wraparound skirt), innaphi (woolen shawl), men’s loincloth/dhoti,,,,
Manipur,Clothing,Handmade accessories,Bamboo hats, handmade silver jewelry, hand-woven scarves,,,,
Manipur,Clothing,Modest and old-fashioned,Plain colors, coarse cotton fabrics, simple slippers,,,,
Manipur,Food and Lifestyle,Rice-and-fish staples,Ngari (fermented fish), bamboo-shoot curries, chili-loaded stews,,,,
Manipur,Food and Lifestyle,Minimal reliance on processed foods,Early rising, barefoot walking, fishing obsession,,,,
Manipur,Food and Lifestyle,Street-side cuisine,Mee (noodle soup), reliance on river-water, minimal kitchen hygiene,,,,
Manipur,Work and Jobs,Agriculture-focused,Paddy farmers, fishermen, forest gatherers,,,,
Manipur,Work and Jobs,Skilled artisans,Handloom weavers, bamboo-craft artisans,,,,,
Manipur,Work and Jobs,Low-skilled labor,Migrant daily-wage laborers, small-scale traders,,,,,
Manipur,Others,Love for traditional arts,Manipuri dance, Mukna (wrestling) fans, polo enthusiasts,,,,
Manipur,Others,Water-centric lifestyle,River-dwelling stereotypes, boat-race enthusiasts,,,,,
Manipur,Others,Rich folklore,Mystical beliefs, rich tribal stories, slow tech adopters,,,,
Meghalaya,Personality,Warm and hospitable,Friendly, community-oriented, laid-back,,,,
Meghalaya,Personality,Shy and reserved,Rustic, naive, gullible,,,,
Meghalaya,Personality,Proud of matrilineal culture,Matrilineal inheritance pride, strong family bonds,,,,,
Meghalaya,Personality,Hard-drinking,Rice beer (kyat), frequent weddings, Catholic feast-obsession,,,,
Meghalaya,Personality,Superstitious mindset,Supernatural-spirit believers, spirit-possession fears,,,,,
Meghalaya,Physical Appearance,Medium-dark complexion,Sturdy build, short stature, high cheekbones,,,,
Meghalaya,Physical Appearance,Tribal aesthetic,Tribal tattoos, weathered skin, often barefoot,,,,
Meghalaya,Physical Appearance,Bright smiles,Dark expressive eyes, bright smiles, calloused feet,,,,
Meghalaya,Clothing,Traditional tribal attire,Rignai (tribal wrap-skirt), dhara (shawl), jainsem (woolen mantle),,,,
Meghalaya,Clothing,Practical and rustic,Bamboo jewelry, rain ponchos, rubber boots, smelly wet clothes,,,
Meghalaya,Food and Lifestyle,Rice-and-pork staples,Jadoh (rice with pork), Dohneiiong (pork in black sesame), sticky rice,,,,
Meghalaya,Food and Lifestyle,Frequent rains and stilt-built homes,Barefoot walking, poor kitchen hygiene, bamboo-shoot curry,,,,
Meghalaya,Food and Lifestyle,Catholic feast-obsession,Rice beer (kyat), tobacco chewing, frequent weddings,,,,
Meghalaya,Work and Jobs,Agriculture-focused,Paddy farmers, pineapple growers, fishermen,,,,
Meghalaya,Work and Jobs,Skilled artisans,Bamboo craftsmen, tribal artisans,,,,,
Meghalaya,Work and Jobs,Low-skilled labor,Quarry workers, coal miners, migrant daily-wage laborers,,,,
Meghalaya,Others,Strong tribal identity,Headhunting legacy myths, oral-poetry buffs, traditional music obsession,,,,
Meghalaya,Others,“Scotland of the East” cliché,Wettest place boast, stilt-built homes, frequent rains,,,,
Meghalaya,Others,Non-Hindi speakers,Broken English users, non-Hindi speakers,,,,,
Mizoram,Personality,Friendly and hospitable,Outgoing, hardworking, community-oriented,,,,
Mizoram,Personality,Reserved and shy,Slow to trust, laid-back, family-centric,,,,
Mizoram,Personality,Music-obsessed,Karaoke addicts, church choir devotion,,,,,
Mizoram,Personality,Superstitious mindset,Superstition-driven rituals, gullible,,,,,
Mizoram,Personality,Temperamental and impulsive,Quick to smile, stubborn, adventurous,,,,
Mizoram,Physical Appearance,Lean athletic build,Tall stature, high cheekbones, broad shoulders,,,,
Mizoram,Physical Appearance,Medium to dark complexion,Straight black hair, minimal facial hair, neat haircuts,,,,
Mizoram,Physical Appearance,Calloused hands,Sun-weathered forearms, slim wrists,,,,,
Mizoram,Clothing,Traditional attire,Puan (wraparound), puanchei shawls, cotton lungi,,,,
Mizoram,Clothing,Modern-meets-rustic,Thrifted jeans, outdated sports jerseys, military surplus gear,,,,
Mizoram,Food and Lifestyle,Rice-and-fish staples,Bai (greens stew), smoked meat, bamboo-shoot curries,,,,
Mizoram,Food and Lifestyle,Alcohol-friendly lifestyle,Rice beer (zu), street-side barbecue,,,,,
Mizoram,Food and Lifestyle,Garden-to-table living,Seasonal festivals, barefoot hiking,,,,,
Mizoram,Work and Jobs,Agriculture-focused,Paddy farmers, rice-mill laborers,,,,,
Mizoram,Work and Jobs,Skilled artisans,Bamboo craftsmen, carpenters,,,,,
Mizoram,Work and Jobs,Government and civil service,Civil-service aspirants, government school teachers,,,,,
Mizoram,Others,Strong tribal identity,Church-going zealots, fluency in four dialects,,,,,
Mizoram,Others,“Scotland of the East” wannabes,Rustic homestays, scenic-road obsessives,,,,,
Mizoram,Others,Motorbike-mad,Minimal fast-food culture, monsoon-trotters,,,,,
Sikkim,Personality,Peaceful and spiritual,Nature-loving, superstitious, gentle, philosophical,,,
Sikkim,Personality,Hospitable and family-centric,Reserved, humble, proud of heritage,,,,
Sikkim,Personality,Hardworking and adaptable,Cardamom farmers, dairy herders, trekking-addicts,,,,
Sikkim,Personality,Traditionalist and insular,Slow-paced, shy, egalitarian,,,,
Sikkim,Physical Appearance,Medium complexion and sturdy build,High cheekbones, sharp facial features, dark straight hair,,,,
Sikkim,Physical Appearance,Weather-tanned and calloused,Broad shoulders, minimal facial hair, youthful looks,,,,
Sikkim,Clothing,Traditional attire,Bakhu (Tibetan-style robe), woolen caps, embroidered aprons (pangden),,,,
Sikkim,Clothing,Handmade and rustic,Yak-wool shawls, hand-woven jackets, tribal bead necklaces,,,,
Sikkim,Food and Lifestyle,Momo and thukpa obsession,Gundruk (fermented greens), spicy condiments, yak butter tea,,,,
Sikkim,Food and Lifestyle,Home-brewed drinks,Tongba (millet beer), seasonal migration, barefoot walking in villages,,,,
Sikkim,Food and Lifestyle,Simple and forest-based,Rice and lentil staples, forest foraging, early rising,,,,
Sikkim,Work and Jobs,Agriculture-focused,Cardamom farmers, vegetable growers, tea-garden laborers,,,,
Sikkim,Work and Jobs,Skilled artisans,Carpet weavers, handicraft artisans,,,,,
Sikkim,Work and Jobs,Tourism and government roles,Homestay operators, trekking guides, government clerks,,,,
Sikkim,Others,Strong Buddhist identity,Prayer-wheel ritualists, monastic discipline, spirit-possession fears,,,,
Sikkim,Others,Trekking and mountaineering stereotypes,“Gateway to Tibet” cliché, mountain-goat agility,,,,,
Sikkim,Others,Remote Himalayan hermits,Quiet streets myth, road-less-beyond mentality,,,,,
Telangana,Personality,Hardworking and entrepreneurial,Stubborn, risk-taking, tech-savvy, money-minded,,,
Telangana,Personality,Straightforward and argumentative,Quick-tempered, scheming, loud, aggressive,,,
Telangana,Personality,Hospitable and family-centric,Superstitious, traditionalist, jovial,,,,
Telangana,Personality,Flashy and ostentatious,Love for lavish weddings, heavy alcohol consumption, paan chewing,,,,
Telangana,Physical Appearance,Medium-dark complexion,Sturdy build, thick moustache, curly or wavy hair,,,,
Telangana,Physical Appearance,Stocky and sturdy,Round face, potbelly, broad shoulders, short height,,,
Telangana,Physical Appearance,Tribal features in rural areas,Hill-tribe features, prominent noses, calloused hands,,,,
Telangana,Clothing,Traditional attire,Cotton dhoti, lungi (rope-tied), kasavu sarees (Hyderabad style),,,,
Telangana,Clothing,Modern-meets-traditional,Bright T-shirts, faded jeans, embroidered kurtas, formal business suits,,,
Telangana,Food and Lifestyle,Spicy and rice-based cuisine,Hyderabadi biryani, haleem, pulihora, gongura pachadi,,,
Telangana,Food and Lifestyle,Sweet and snack obsession,Boorelu, pakodas, double ka meetha dessert,,,,
Telangana,Food and Lifestyle,Frugal habits,Early-morning market visits, frugal saving habits, oil-and-mirchi lovers,,,,
Telangana,Work and Jobs,IT/software hub,Cyberabad professionals, tech-savvy freelancers,,,,,
Telangana,Work and Jobs,Agriculture-focused,Paddy and cotton farmers, vegetable vendors,,,,,
Telangana,Work and Jobs,Low-skilled labor,Auto-rickshaw drivers, construction laborers, security-guard contractors,,,,
Telangana,Others,Hyderabad-centric pride,Old City heritage buffs, Bonalu and Bathukamma celebrations,,,,,
Telangana,Others,Telangana movement zealots,Bommaala telugu speakers, Urdu-accented slang, Section-144 jokers,,,,
Telangana,Others,Real-estate boom braggarts,Power-cut complainers, real-estate agents, mango hoarders,,,,
Uttarakhand,Personality,Hardy and nature-loving,Simple, humble, introspective, quiet,,,
Uttarakhand,Personality,Devout and superstitious,Suspicious of outsiders, frugal, stubborn,,,,
Uttarakhand,Personality,Community-oriented,Stoic, community bonds, pilgrim foot-marches,,,,
Uttarakhand,Personality,Minimal reliance on technology,Slow internet, minimal tech reliance,,,,,
Uttarakhand,Physical Appearance,Weather-tanned and rugged,Lean frame, sturdy legs, calloused feet,,,,
Uttarakhand,Physical Appearance,Sharp features,High cheekbones, thick eyebrows, bushy moustache,,,,
Uttarakhand,Physical Appearance,Unkempt and wiry,Unkempt hair, wiry build, sunburned cheeks,,,,
Uttarakhand,Clothing,Traditional woolen attire,Woolen caps, Kumaoni topi, shawls, pattu coats,,,
Uttarakhand,Clothing,Practical and rustic,Wooden sandals (khadau), coarse cotton trousers, tribal bead necklaces,,,,
Uttarakhand,Food and Lifestyle,Ghee-rich and hearty meals,Bajra roti, ghee-rich meals, aloo ke gutke, chainsoo,,,
Uttarakhand,Food and Lifestyle,Local delicacies and rituals,Madua laddoos, local honey, bhang-infused dishes,,,,
Uttarakhand,Food and Lifestyle,Pilgrim lifestyle,Holy river dips, early rising, paan chewing,,,,
Uttarakhand,Work and Jobs,Agriculture and animal husbandry,Apple farmers, shepherds (Gaddi), chestnut collectors,,,,
Uttarakhand,Work and Jobs,Skilled in mountain professions,Mountain porters (pithu), trekking guides, forest guides,,,,
Uttarakhand,Work and Jobs,Army and labor roles,Army recruits, hydroelectric laborers, beedi rollers,,,,
Uttarakhand,Others,Temple-pilgrimage obsession,Char Dham, holy river dips, priestly-elite dominance,,,,
Uttarakhand,Others,Remote-village stereotypes,“Road-less beyond” myth, Himalayan hermits, landslide-prone roads,,,,
Uttarakhand,Others,Pollution-free brag,Youth exodus, slow internet, tiger-reserve braggers,,,,
Delhi,Personality,Assertive and street-smart,Boastful, impatient, ever-rushing, politically savvy,,,
Delhi,Personality,Entrepreneurial and opportunistic,Deal-makers, sidewalk entrepreneurs, risk-taking,,,,
Delhi,Personality,Materialistic and status-obsessed,Flashy, attention-seeking, branded handbags, gold chains,,,
Delhi,Personality,Competitive and impatient,Impatient drivers, back-seat critics, cynics,,,,
Delhi,Personality,Social and gossip-loving,Network-driven, gossip-loving, help-yourself-first attitude,,,,
Delhi,Physical Appearance,Well-groomed and trendy,Medium complexion, manicured nails, sharp features, polished shoes,,,
Delhi,Physical Appearance,Cosmetic enhancements,Contoured makeup, fake eyelashes, Botox-look foreheads,,,,
Delhi,Physical Appearance,Trendy hairstyles and accessories,Dyed hair highlights, tattoo accents, aviator sunglasses,,,,
Delhi,Clothing,Designer and flashy attire,Designer salwar-kameez, Nehru jackets, ripped jeans, logo-heavy shirts,,,
Delhi,Clothing,Branded and statement pieces,Branded sneakers, statement belts, heavy perfume, wallet chains,,,
Delhi,Food and Lifestyle,Street-food fiends,Chaat, golgappas, butter-laden parathas, kebabs, biryanis,,
Delhi,Food and Lifestyle,Urban lifestyle enthusiasts,Café-hoppers, microbrewery regulars, juice-cleanse devotees,,,,
Delhi,Food and Lifestyle,Traffic-stress sufferers,Real-estate hoarders, pollution-complainers, smog-masked faces,,,,
Delhi,Work and Jobs,Corporate and tech professionals,IT professionals, corporate managers, call-center agents,,,,
Delhi,Work and Jobs,Hustlers and freelancers,Street vendors, freelance photographers, social-media marketers,,,,
Delhi,Work and Jobs,Government and service sector,Government bureaucrats, cab drivers, mall security guards,,,,
Delhi,Others,Hindi-Urdu mix and metro experts,Pothole-dodgers, metro-commute veterans, Chandni Chowk nostalgics,,,,
Delhi,Others,Heritage and food pride,CR Park food pilgrims, heritage-pride braggarts,,,,,
Delhi,Others,Social climbers,Wedding-season obsessives, designer-pet owners, rooftop party hosts,,,,
Ladakh,Personality,Peaceful and introspective,Nature-loving, spiritual, stoic, slow-paced,,,
Ladakh,Personality,Hospitable and community-oriented,Reserved, hardy, proud, superstitious,,,
Ladakh,Personality,Traditionalist and independent,Backward, gullible, naïve,,,,
Ladakh,Physical Appearance,Fair to medium complexion,Weather-tanned skin, sturdy build, lean frame,,,,
Ladakh,Physical Appearance,Sharp features,High cheekbones, sharp nose, thick eyebrows, dark straight hair,,,
Ladakh,Physical Appearance,Calloused hands and feet,Calloused hands, calloused feet, sun-burned cheeks,,,,
Ladakh,Clothing,Traditional attire,Bakhu (traditional robe), goncha (padded coat), woolen caps,,,,
Ladakh,Clothing,Practical and rustic,Yak-wool jackets, leather boots, prayer-flag scarves,,,,
Ladakh,Food and Lifestyle,Thukpa and momo staples,Butter tea, tsampa (barley flour), barley beer,,,,
Ladakh,Food and Lifestyle,Nomadic and minimalist living,Wild-herb foraging, high-altitude farming, minimal use of spices,,,,
Ladakh,Food and Lifestyle,Seasonal migration,Barefoot grazing, seasonal migration, yak-milk products,,,,
Ladakh,Work and Jobs,Agriculture and animal husbandry,Yak herders, potato farmers, nomadic yak-herding lifestyle,,,,
Ladakh,Work and Jobs,Skilled artisans,Carpet weavers, handicraft artisans,,,,,
Ladakh,Work and Jobs,Tourism and government roles,Tourist guides, monastery caretakers, government clerks,,,,
Ladakh,Others,Strong Buddhist identity,Prayer-wheel ritualists, “roof of the world” pride,,,,,
Ladakh,Others,Remote and inaccessible stereotypes,Road-less myths, wildlife-offender rumors, “land of lonely plains”,,,,
Ladakh,Others,Otherworldly landscape worship,Hillbilly image, indecipherable accent myth, seasonal road closures,,,,
Puducherry,Personality,Laid-back and peace-loving,Calm, slow-paced, romantic, nostalgic,,,
Puducherry,Personality,Artistic and intellectual,Creative, bohemian, inward-looking,,,,
Puducherry,Personality,Hospitable and culturally hybrid,Friendly, tolerant, liberal,,,,
Puducherry,Personality,Francophile tendencies,Colonial hangover, modern-yet-rooted, French passport rumors,,,,
Puducherry,Physical Appearance,Coastal-influenced appearance,Dusky complexion, lean build, coastal tan,,,,
Puducherry,Physical Appearance,Minimalist grooming,Neat appearance, clean-shaven, simple clothing sense,,,,
Puducherry,Physical Appearance,French-inspired styling,French-influenced grooming, sharp features, expressive eyes,,,,
Puducherry,Clothing,Traditional-meets-modern attire,Linen shirts, khadi kurtas, veshti, lungi,,,
Puducherry,Clothing,Beach-friendly casuals,Floral shirts, beachwear, flip-flops, sun hats,,,
Puducherry,Clothing,Indo-western fusion,Kurta-jeans combo, jholas, chic casuals,,,,
Puducherry,Food and Lifestyle,Tamil-French cuisine fusion,Baguettes and dosas, croissants with filter coffee,,,,,
Puducherry,Food and Lifestyle,Seafood and coconut-based meals,Fish curry and rice staple, coconut-rich cooking,,,,,
Puducherry,Food and Lifestyle,Café culture enthusiasts,Café hopping, leisurely brunches, experimental eating,,,,
Puducherry,Food and Lifestyle,Anti-fast food lifestyle,Bread in every meal, European desserts, Chikku juice everywhere,,,,
Puducherry,Work and Jobs,Tourism and hospitality roles,Café owners, yoga teachers, art curators,,,,
Puducherry,Work and Jobs,Spiritual and cultural workers,Aurobindo ashram caretakers, handloom weavers, NGO workers,,,,
Puducherry,Work and Jobs,Academics and translators,English-French translators, Puducherry university faculty,,,,,
Puducherry,Others,French colony nostalgia,Mini France trope, colonial architecture obsession,,,,,
Puducherry,Others,Auroville mysticism,New Age spirituality label, universal township idealism,,,,,
Puducherry,Others,Spiritual-tourist destination,Yoga haven reputation, escapist destination,,,,,
Puducherry,Others,Disconnected from Tamil Nadu,Poor Tamil skills stereotype, isolated from Tamil politics,,,,,
Lakshadweep,Personality,Peaceful and hospitable,Laid-back, reserved, deeply religious,,,,
Lakshadweep,Personality,Family-centric and traditional,Conservative, close-knit, modest,,,,
Lakshadweep,Personality,Water-loving and eco-conscious,Fishing-based routines, coral-reef reverence, tide-watchers,,,,
Lakshadweep,Personality,Slow-paced and contented,Unambitious, quiet, naive,,,,
Lakshadweep,Personality,Shy and insular,Cautious, isolated, shy,,,,
Lakshadweep,Physical Appearance,Medium to dark complexion,Lean build, sun- and salt-weathered skin,,,,,
Lakshadweep,Physical Appearance,Salt-bleached and wind-creased,Curly hair, calloused feet, barefoot-hardened feet,,,,
Lakshadweep,Physical Appearance,Expressive eyes and smooth skin,Dark expressive eyes, thick eyelashes, broad noses,,,,
Lakshadweep,Clothing,Traditional and minimalist attire,White mundu (dhoti), cotton lungi, simple T-shirts,,,,
Lakshadweep,Clothing,Barefoot-friendly clothing,Simple sandals, faded fabrics, straw hats,,,,
Lakshadweep,Food and Lifestyle,Coconut-heavy seafood diet,Fish-drumstick curries, tapioca staples, toddy drinkers,,,,
Lakshadweep,Food and Lifestyle,Minimal processed food,Home-grown vegetables, sun-dried fish, seaweed consumption,,,,
Lakshadweep,Food and Lifestyle,Communal and eco-friendly living,Communal feasts (mehfil), coconut-coir crafts,,,,,
Lakshadweep,Work and Jobs,Fishing and boat-based professions,Fishermen, boatmen, boat-tour operators,,,,
Lakshadweep,Work and Jobs,Coconut and coir industries,Coconut-pickers, coir-makers, toddy tappers,,,,
Lakshadweep,Work and Jobs,Local service roles,Mosque caretakers, rural teachers, government clerks,,,,
Lakshadweep,Others,Strong Muslim identity,Mosque-hub life, Sunni-leaning reputations,,,,,
Lakshadweep,Others,Coral-island nationalism,“Maldives of India” taggers, eco-paradise lovers,,,,,
Lakshadweep,Others,Isolated archipelago life,Remote-community life, limited Hindi proficiency,,,,,
Lakshadweep,Others,Sea-level anxiety,Cyclone-fear stories, sea-level anxiety,,,,,
Andaman and Nicobar,Personality,Laid-back and hospitable,Friendly, reserved, peaceful,,,,
Andaman and Nicobar,Personality,Nature-obsessed and eco-conscious,Water-loving, survivalist, communal, climate-adaptable,,,
Andaman and Nicobar,Personality,Cautious and skeptical of mainlanders,Shy with outsiders, cautious, slow-paced,,,,
Andaman and Nicobar,Personality,Story-loving and introspective,Tribal-spirited, moody in monsoon, pirates-of-the-East myth,,,,
Andaman and Nicobar,Physical Appearance,Sun-weathered and rugged,Medium to dark complexion, sun-weathered skin, lean build,,,,
Andaman and Nicobar,Physical Appearance,Beach-hardened and calloused,Calloused hands, barefoot feet, boat-tanned shoulders,,,,
Andaman and Nicobar,Physical Appearance,Tribal aesthetic,Tribal tattoos, broad noses, sea-glazed eyes,,,,
Andaman and Nicobar,Clothing,Simple and beach-ready attire,Cotton shorts, sarongs, flip-flops, barefoot-friendly footwear,,,
Andaman and Nicobar,Clothing,Practical and weatherproof,Rain ponchos, waterproof sandals, utility belts,,,,
Andaman and Nicobar,Clothing,Minimal jewelry and eco-crafts,Coconut-shell necklaces, woven shells, shell-sculpture makers,,,,
Andaman and Nicobar,Food and Lifestyle,Seafood and coconut-based diet,Fish-drumstick curries, coconut-heavy cooking, fish-chili paste addiction,,,,
Andaman and Nicobar,Food and Lifestyle,Tide-dependent and eco-living,Foraging in forests, sun-drying foods, turtle-meat legends,,,,
Andaman and Nicobar,Food and Lifestyle,Cyclone-preparation culture,Shelter-savvy, forest-medicine reliance, coconut-water sippers,,,,
Andaman and Nicobar,Work and Jobs,Fishing and marine professions,Fishermen, boatmen, pearl divers (old stereotype), marine-life conservationists,,,
Andaman and Nicobar,Work and Jobs,Coconut-based industries,Coconut harvesters, coconut-cracker women, coconut coir artisans,,,,
Andaman and Nicobar,Work and Jobs,Tourism and government roles,Tourist guides, island teachers, government clerks,,,,
Andaman and Nicobar,Others,Strong tribal identity,Indigenous Nicobarese myths, Jarawa-savage stereotype,,,,,
Andaman and Nicobar,Others,Remote-archipelago lifestyle,“Mini Australia” fantasies, maritime-lore lovers, lighthouse-keepers’ solitude,,,,
Andaman and Nicobar,Others,Coral-reef worship and jungle-law,Forest-spirit beliefs, coral-reef worship, jungle-law assumptions,,,,
Dadra and Nagar Haveli and Daman and Diu,Personality,Laid-back and coastal-living,Relaxed, easygoing, water-loving, night-owl,,,
Dadra and Nagar Haveli and Daman and Diu,Personality,Hospitable and community-centric,Family-bound, host to festivals, celebratory,,,,
Dadra and Nagar Haveli and Daman and Diu,Personality,Shrewd and migratory mindsets,Interested in quick money, politically-aware, reserved with strangers,,,,
Dadra and Nagar Haveli and Daman and Diu,Personality,Pious and superstitious,Eco-conscious, land-pride defenders, cocktail-holiday types,,,,
Dadra and Nagar Haveli and Daman and Diu,Physical Appearance,Medium to dark complexion,Sun-tanned skin, lean fisherman’s builds, calloused hands and feet,,,,
Dadra and Nagar Haveli and Daman and Diu,Physical Appearance,Coastal-rugged looks,Weather-beaten faces, curly or wavy hair, broad noses,,,,
Dadra and Nagar Haveli and Daman and Diu,Physical Appearance,Barefoot-accustomed stance,Tribal tattoos, hearty smiles, stout frames,,,,
Dadra and Nagar Haveli and Daman and Diu,Clothing,Traditional and practical attire,Cotton lungi/dhoti, simple kurtas, cotton sarees,,,,
Dadra and Nagar Haveli and Daman and Diu,Clothing,Beachwear and casual vibes,Bright floral shirts, flip-flops, sarongs, straw hats,,,
Dadra and Nagar Haveli and Daman and Diu,Clothing,Shell jewelry and handloom accessories,Shell jewelry, handloom scarves, beaded anklets,,,,
Dadra and Nagar Haveli and Daman and Diu,Food and Lifestyle,Seafood dependency,Fish-curry lovers, coconut-heavy dishes, palm-sap (toddy) drinkers,,,,
Dadra and Nagar Haveli and Daman and Diu,Food and Lifestyle,Festival-specific traditions,Sunday festas (church gatherings), homemade sausages, festival sweets,,,,
Dadra and Nagar Haveli and Daman and Diu,Food and Lifestyle,Beachside and tide-based living,Beachside eating, fishing-morning routines, moonlit beach hangouts,,,,
Dadra and Nagar Haveli and Daman and Diu,Work and Jobs,Fishing and marine professions,Fishermen, boatmen, pearl collectors (old myth), seafood vendors,,,
Dadra and Nagar Haveli and Daman and Diu,Work and Jobs,Coconut and toddy industries,Coconut climbers, toddy tappers, cashew nut processors,,,,
Dadra and Nagar Haveli and Daman and Diu,Work and Jobs,Local service roles,Church caretakers, village teachers, small-boat tour guides,,,,
Dadra and Nagar Haveli and Daman and Diu,Others,Strong Catholic/Christian identity,Church-festival mania, Portuguese legacy pride, carnival traditions,,,,
Dadra and Nagar Haveli and Daman and Diu,Others,Island-archipelago myths,“Goa-lite” tourist vibe, jungle-bootleggers rumor, remote-island living,,,,
Dadra and Nagar Haveli and Daman and Diu,Others,Multi-lingual and laid-back enforcement,Restricted Hindi fluency, multi-lingual, laid-back law-enforcement,,,,
Chandigarh,Personality,Urban elite and affluent,Brand-conscious, status-driven, trendy,,,,
Chandigarh,Personality,Health-conscious and fitness-focused,Gym-obsessed, wellness-retreat attendees, fitness fanatic,,,,
Chandigarh,Personality,Socially competitive,Night-owl, selfie-obsessed, socially competitive,,,,
Chandigarh,Personality,Eco-aware and refined,Protector-of-environment, eco-aware, neat-freak,,,,
Chandigarh,Personality,Career-focused and aspirational,Crash-course aspirants, metro-commute drivers, IT professionals,,,,
Chandigarh,Physical Appearance,Well-groomed and stylish,Fair-to-wheatish complexion, manicured nails, styled haircuts,,,,
Chandigarh,Physical Appearance,Fitness-toned and cosmetic-enhanced,Fitness-toned bodies, minimalistic makeup, cosmetic-boosted features,,,,
Chandigarh,Physical Appearance,Designer accessories and trends,Designer frames, branded accessories, light tan lines,,,,
Chandigarh,Clothing,Designer and branded attire,Designer kurta-pyjama, pastel linen shirts, monogrammed handbags,,,,
Chandigarh,Clothing,Athleisure and casual chic,Athleisure wear, yoga pants, loafers with socks,,,,
Chandigarh,Food and Lifestyle,Coffee-shop and brunch culture,Brunch lovers, avocado-toast eaters, smoothie-bowl fans,,,,
Chandigarh,Food and Lifestyle,Organic and health-focused,Quinoa salads, cold-pressed juices, organic-farm-buyers,,,,
Chandigarh,Food and Lifestyle,Rooftop and staycation enthusiasts,Rooftop dinner seekers, beach-vibe staycationers,,,,,
Chandigarh,Work and Jobs,IT and finance professionals,IT professionals, fintech professionals, CFA/CA aspirants,,,,
Chandigarh,Work and Jobs,Wellness and lifestyle careers,Fitness trainers, wellness coaches, boutique owners,,,,
Chandigarh,Work and Jobs,Education and consulting roles,Education-consultants, private-school teachers, NGO workers,,,,
Chandigarh,Others,Planned-city pride,Garden-city braggers, no-pothole myth believers,,,,,
Chandigarh,Others,Metro-smart card and traffic etiquette,Metro-smart card lovers, traffic-politeness myth,,,,,
Chandigarh,Others,Sukhna Lake and greenbelt obsession,“Sukhna Lake stalkers,” greenbelt gardeners,,,,,
Chandigarh,Others,Sector-pride and city-layout bragging,Planned-city pride, “architect’s city” believers, sector-pride loudspeakers,,,,
Jammu,Personality,Warm and hospitable,Devout, family-oriented, sincere,,,,
Jammu,Personality,Conservative and traditionalist,Nationalist, proud, resilient,,,,
Jammu,Personality,Community-driven and practical,Rural-minded, assertive, blunt,,,,
Jammu,Personality,Festival-loving and faith-driven,Martial-spirited, emotionally expressive,,,,,
Jammu,Physical Appearance,Medium to fair complexion,Sturdy build, thick mustaches, high cheekbones,,,,
Jammu,Physical Appearance,Weather-worn and hardy,Calloused hands, sun-tanned arms, neat-bearded men,,,,
Jammu,Physical Appearance,Traditional grooming,“Jammu cut” haircut, straight black/brown hair, plump cheeks,,,,
Jammu,Clothing,Traditional attire,Pheran (robe), suthan (loose pants), shawls, preg (turban),,,
Jammu,Clothing,Practical and rustic clothing,Wool caps, hand-knitted sweaters, leather boots,,,,
Jammu,Clothing,Silver jewelry and accessories,Glass bangles, silver jewelry (women), prayer-bead necklaces,,,,
Jammu,Food and Lifestyle,Rajma-chawal lovers,Kaladi basket cheese addiction, bajra-roti meals,,,,,
Jammu,Food and Lifestyle,Seasonal and festive eating,Apricot-harvest obsession, festival sweets, pickle hoarding,,,,
Jammu,Food and Lifestyle,Pilgrimage and rural lifestyle,Roadside paan habit, early-riser routines, pilgrimage travel culture,,,,
Jammu,Work and Jobs,Agriculture-focused professions,Agriculturists (maize, bajra), orchardists (apricots, basohli),,,
Jammu,Work and Jobs,Local service roles,Shopkeepers, government school teachers, temple caretakers,,,,
Jammu,Work and Jobs,Skilled labor,Woodcutters, local contractors, builders,,,,
Jammu,Others,Strong Hindu identity,Temple-centric, butter-lamps devotees, Batote-pass lovers,,,,
Jammu,Others,Duggar pride and cultural heritage,Cherry-festival folk, local dialect (“Pahari”) pride,,,,,
Jammu,Others,Rural and pilgrimage-centric life,Vehicle convoy lovers, winter-snow escapees, refugee-guest myths,,,,
